title,source,description,achievement_date,category,impact_level
"Outstanding Military Leadership","U.S. Navy Command","Recognized for exceptional leadership during complex military operations, demonstrating strategic thinking and team development capabilities that resulted in 100% mission success rate.",2020-06-15,Military Leadership,High
"ServiceNow Community Contributor","ServiceNow Developer Community","Active community participation through knowledge sharing, solution development, and mentoring new developers in ServiceNow best practices.",2024-03-10,Community Engagement,Medium
"Veteran Mentorship Excellence","Hiring Our Heroes","Mentored 25+ transitioning veterans in technology careers with 85% job placement success rate within 6 months of program completion.",2024-08-20,Veteran Advocacy,High
"Innovation in IT Service Management","ServiceNow Partner Summit","Presented innovative ITSM solution that reduced incident resolution time by 40% and improved customer satisfaction scores significantly.",2024-05-12,Innovation,High
"Technical Excellence Award","Previous Employer","Recognized for outstanding technical contributions that improved system performance by 35% and reduced operational costs by $200K annually.",2023-11-08,Technical Achievement,High
"Diversity and Inclusion Leadership","Tech for Good Initiative","Led diversity initiatives that increased veteran hiring in technology roles by 60% and established sustainable mentorship programs.",2024-07-03,Diversity & Inclusion,High
"ServiceNow Platform Innovation","ServiceNow Knowledge Conference","Developed custom application that streamlined business processes for 500+ users, earning recognition as innovative platform solution.",2024-04-25,Platform Innovation,High
"Military Service Commendation","U.S. Navy","Received commendation for exceptional service performance under challenging conditions, demonstrating resilience and commitment to excellence.",2020-09-30,Military Service,Medium
"Community Technology Impact","Local Veterans Organization","Established technology training program for veterans that provided career transition support for 100+ participants with 70% job placement.",2024-06-18,Community Impact,High
"ServiceNow Best Practices Advocate","ServiceNow User Group","Regular presenter and knowledge contributor to ServiceNow user groups, sharing expertise and promoting platform best practices.",2024-02-14,Knowledge Sharing,Medium
"Veteran Employment Success","Corporate Partnership Program","Facilitated corporate partnerships that resulted in direct employment opportunities for 50+ veterans in technology positions.",2024-09-05,Employment Advocacy,High
"Technical Training Excellence","Military Training Command","Developed and delivered technical training programs that improved team capabilities and operational readiness by measurable metrics.",2019-12-12,Training & Development,Medium
"ServiceNow Solution Architecture","Enterprise Customer","Designed and implemented ServiceNow solution architecture for large enterprise client, exceeding performance and scalability requirements.",2024-01-22,Solution Architecture,High
"Veteran Technology Advancement","Department of Veterans Affairs","Contributed to technology advancement initiatives that improved veteran services delivery and operational efficiency.",2024-08-08,Technology Innovation,High
"Leadership Under Pressure","Military Operations","Demonstrated exceptional leadership capabilities during high-stress military operations, ensuring team safety and mission accomplishment.",2020-04-18,Crisis Leadership,High
"ServiceNow Performance Optimization","Client Engagement","Optimized ServiceNow instance performance resulting in 50% reduction in page load times and improved user experience for 1000+ users.",2023-10-15,Performance Excellence,High
"Veteran Career Coaching","Veteran Career Services","Provided career coaching services to transitioning veterans, achieving 80% success rate in technology career transitions.",2024-07-28,Career Development,Medium
"Military Team Excellence","Naval Unit Command","Led cross-functional military team to achieve unprecedented performance metrics and unit recognition for operational excellence.",2020-08-25,Team Leadership,High
"ServiceNow Custom Development","Development Project","Created custom ServiceNow applications that automated manual processes, saving 200+ hours monthly and improving accuracy.",2024-03-30,Custom Development,High
"Veteran Community Building","Service to Success Initiative","Built veteran professional network that connects military professionals with technology career opportunities and mentorship.",2024-09-12,Community Building,High
"Technical Problem Solving","Critical System Recovery","Led technical team in critical system recovery effort, restoring services within SLA requirements and preventing major business impact.",2023-12-20,Problem Solving,High
"Military Training Innovation","Training Development Command","Innovated training methodologies that improved learning outcomes by 25% and reduced training time while maintaining quality standards.",2019-10-05,Training Innovation,Medium
"ServiceNow Integration Success","Enterprise Integration Project","Successfully integrated ServiceNow with 15+ enterprise systems, creating seamless data flow and improving operational efficiency.",2024-02-28,Integration Excellence,High
"Veteran Advocacy Recognition","National Veteran Organization","Recognized for sustained advocacy efforts that resulted in policy changes benefiting veteran employment in technology sector.",2024-06-10,Policy Advocacy,High
"Military Operations Excellence","Joint Operations Command","Contributed to successful joint military operations through strategic planning and flawless execution under complex conditions.",2020-11-30,Operational Excellence,High
"ServiceNow User Experience Design","UX Enhancement Project","Redesigned ServiceNow user interfaces resulting in 40% increase in user adoption and significant improvement in satisfaction scores.",2024-04-08,User Experience,High
"Technology Skill Development","Professional Development Program","Completed advanced technology skill development program, demonstrating commitment to continuous learning and professional growth.",2024-01-15,Skill Development,Medium
"Veteran Network Leadership","Veteran Professional Network","Established and led professional network for veterans in technology, creating career advancement opportunities and peer support.",2024-08-25,Network Leadership,High
"Military Communication Excellence","Communications Division","Recognized for exceptional communication skills that facilitated successful coordination between multiple military units.",2020-07-12,Communication,Medium
"ServiceNow Automation Innovation","Process Automation Project","Developed ServiceNow automation solutions that eliminated 80% of manual tasks in critical business processes.",2024-05-20,Automation Innovation,High
"Veteran Hiring Initiative Success","Corporate Diversity Program","Led veteran hiring initiative that exceeded diversity targets by 150% and established sustainable veteran recruitment pipeline.",2024-09-18,Hiring Innovation,High
"Military Honor Guard Service","Honor Guard Unit","Served with distinction in military honor guard unit, representing military values and excellence in ceremonial duties.",2019-05-25,Honor Service,Medium
"ServiceNow Knowledge Management","Knowledge Base Project","Created comprehensive ServiceNow knowledge management system that improved problem resolution time by 35%.",2024-03-15,Knowledge Management,High
"Veteran Transition Coaching","Transition Services","Provided transition coaching to military personnel entering civilian careers, with 90% successful transition rate to technology roles.",2024-07-08,Transition Support,High
"Military Safety Leadership","Safety Operations Division","Led safety initiatives that achieved zero-incident record for 18 months while maintaining operational tempo and mission readiness.",2020-02-22,Safety Leadership,High
"ServiceNow Performance Analytics","Analytics Implementation","Implemented ServiceNow Performance Analytics solution that provided real-time insights and improved decision-making capabilities.",2024-01-08,Analytics Excellence,High
"Community Volunteer Leadership","Local Community Center","Led technology volunteer programs that provided computer literacy training to underserved community members.",2024-06-30,Volunteer Leadership,Medium
"Military Logistics Excellence","Logistics Operations Command","Optimized military logistics operations resulting in 30% improvement in supply chain efficiency and cost reduction.",2020-10-15,Logistics Excellence,High
"ServiceNow Security Implementation","Security Enhancement Project","Implemented ServiceNow security features that achieved 100% compliance with enterprise security requirements and audit standards.",2024-04-18,Security Excellence,High
"Veteran Career Success Story","Professional Achievement Recognition","Personal career success story featured as inspiration for other veterans transitioning to technology careers.",2024-08-15,Career Success,Medium